{
    "id": 1,
    "Longitude": 51.6506518,
    "Latitude": 5.0497462
  }